<?xml version="1.0" encoding="UTF-8"?>
<!DOCTYPE mapper
  PUBLIC "-//mybatis.org//DTD Mapper 3.0//EN"
  "https://mybatis.org/dtd/mybatis-3-mapper.dtd">

<mapper namespace="com.smhrd.soolsool.mapper.ArchiveMapper">

	<resultMap id="ArchiveMap"
		type="com.smhrd.soolsool.domain.Archive">
		<result property="arc_idx" column="arc_idx" />
		<result property="arc_title" column="arc_title" />
		<result property="arc_content" column="arc_content" />
		<result property="arc_at" column="arc_at" />
		<result property="arc_file" column="arc_file" />
		<result property="mb_id" column="mb_id" />
		<result property="arc_likes" column="arc_likes" />
	</resultMap>
	
	<select id="archiveListByMemberId" resultMap="ArchiveMap"
		parameterType="string">
		SELECT * FROM tb_archive
		WHERE mb_id = #{memberId}
		ORDER BY arc_idx DESC
	</select>

	<insert id="write"
		parameterType="com.smhrd.soolsool.domain.Archive">
		insert into tb_archive(arc_title, arc_content,
		arc_at,
		arc_file,
		mb_id, arc_likes) values (#{arc_title},
		#{arc_content},
		sysdate,
		#{arc_file}, 'id1', 0)
	</insert>
	
	<select id="archiveOne"
		resultType="com.smhrd.soolsool.domain.Archive">
		SELECT * FROM tb_archive WHERE arc_idx=#{arc_idx}
	</select>

	<select id="archiveList"
		resultType="com.smhrd.soolsool.domain.Archive">
		select * from tb_archive
	</select>

	<select id="getTotalArchives" resultType="int">
		SELECT COUNT(*) FROM
		tb_archive
	</select>

	<select id="archiveListPage" resultMap="ArchiveMap"
	parameterType="map">
		SELECT * FROM (
		SELECT a.*, ROWNUM rnum
		FROM (
		SELECT * FROM tb_archive ORDER BY arc_idx DESC
		) a
		WHERE ROWNUM &lt;= #{offset}+#{size}
		)
		WHERE rnum > #{offset}
	</select>
	
	<delete id="deleteArchiveByIdxAndId" parameterType="map">
    DELETE FROM tb_archive WHERE arc_idx = #{arc_idx} AND mb_id = #{mb_id}
    </delete>
	

</mapper>